{
    "Departments" : [ {
      "DepartmentId" : 10,
      "DepartmentName" : "Administration",
      "ManagerId" : null,
      "LocationId" : null
    }, {
      "DepartmentId" : 20,
      "DepartmentName" : "Marketing",
      "ManagerId" : null,
      "LocationId" : null
    }, {
      "DepartmentId" : 30,
      "DepartmentName" : "Transportation",
      "ManagerId" : null,
      "LocationId" : null
    }, {
      "DepartmentId" : 40,
      "DepartmentName" : "Shipping",
      "ManagerId" : null,
      "LocationId" : null
    }, {
      "DepartmentId" : 50,
      "DepartmentName" : "Human Resources",
      "ManagerId" : null,
      "LocationId" : null
    }, {
      "DepartmentId" : 60,
      "DepartmentName" : "Operations",
      "ManagerId" : null,
      "LocationId" : null
    }, {
      "DepartmentId" : 70,
      "DepartmentName" : "Inventory",
      "ManagerId" : null,
      "LocationId" : null
    }, {
      "DepartmentId" : 80,
      "DepartmentName" : "Sales",
      "ManagerId" : 145,
      "LocationId" : 2500
    }, {
      "DepartmentId" : 100,
      "DepartmentName" : "Finance",
      "ManagerId" : null,
      "LocationId" : null
    }, {
      "DepartmentId" : 110,
      "DepartmentName" : "Documentation",
      "ManagerId" : null,
      "LocationId" : null
    }, {
      "DepartmentId" : 130,
      "DepartmentName" : "Billing",
      "ManagerId" : null,
      "LocationId" : 1700
    }, {
      "DepartmentId" : 140,
      "DepartmentName" : "Control And Credit",
      "ManagerId" : null,
      "LocationId" : 1700
    }],
    "_contextInfo" : {
      "limit" : 25,
      "offset" : 0
    }
  }